image_path,label
data/processed/images\angry\angry_1.jpg,angry
data/processed/images\angry\angry_10.jpg,angry
data/processed/images\angry\angry_100.jpg,angry
data/processed/images\angry\angry_101.jpg,angry
data/processed/images\angry\angry_102.jpg,angry
data/processed/images\angry\angry_103.jpg,angry
data/processed/images\angry\angry_104.jpg,angry
data/processed/images\angry\angry_105.jpg,angry
data/processed/images\angry\angry_106.jpg,angry
data/processed/images\angry\angry_107.jpg,angry
data/processed/images\angry\angry_108.jpg,angry
data/processed/images\angry\angry_109.jpg,angry
data/processed/images\angry\angry_11.jpg,angry
data/processed/images\angry\angry_110.jpg,angry
data/processed/images\angry\angry_111.jpg,angry
data/processed/images\angry\angry_112.jpg,angry
data/processed/images\angry\angry_113.jpg,angry
data/processed/images\angry\angry_114.jpg,angry
data/processed/images\angry\angry_115.jpg,angry
data/processed/images\angry\angry_116.jpg,angry
data/processed/images\angry\angry_117.jpg,angry
data/processed/images\angry\angry_118.jpg,angry
data/processed/images\angry\angry_119.jpg,angry
data/processed/images\angry\angry_12.jpg,angry
data/processed/images\angry\angry_120.jpg,angry
data/processed/images\angry\angry_121.jpg,angry
data/processed/images\angry\angry_122.jpg,angry
data/processed/images\angry\angry_123.jpg,angry
data/processed/images\angry\angry_124.jpg,angry
data/processed/images\angry\angry_125.jpg,angry
data/processed/images\angry\angry_126.jpg,angry
data/processed/images\angry\angry_127.jpg,angry
data/processed/images\angry\angry_128.jpg,angry
data/processed/images\angry\angry_129.jpg,angry
data/processed/images\angry\angry_13.jpg,angry
data/processed/images\angry\angry_130.jpg,angry
data/processed/images\angry\angry_131.jpg,angry
data/processed/images\angry\angry_132.jpg,angry
data/processed/images\angry\angry_133.jpg,angry
data/processed/images\angry\angry_134.jpg,angry
data/processed/images\angry\angry_135.jpg,angry
data/processed/images\angry\angry_136.jpg,angry
data/processed/images\angry\angry_137.jpg,angry
data/processed/images\angry\angry_138.jpg,angry
data/processed/images\angry\angry_139.jpg,angry
data/processed/images\angry\angry_14.jpg,angry
data/processed/images\angry\angry_140.jpg,angry
data/processed/images\angry\angry_141.jpg,angry
data/processed/images\angry\angry_142.jpg,angry
data/processed/images\angry\angry_143.jpg,angry
data/processed/images\angry\angry_144.jpg,angry
data/processed/images\angry\angry_145.jpg,angry
data/processed/images\angry\angry_146.jpg,angry
data/processed/images\angry\angry_147.jpg,angry
data/processed/images\angry\angry_148.jpg,angry
data/processed/images\angry\angry_149.jpg,angry
data/processed/images\angry\angry_15.jpg,angry
data/processed/images\angry\angry_150.jpg,angry
data/processed/images\angry\angry_151.jpg,angry
data/processed/images\angry\angry_152.jpg,angry
data/processed/images\angry\angry_153.jpg,angry
data/processed/images\angry\angry_154.jpg,angry
data/processed/images\angry\angry_155.jpg,angry
data/processed/images\angry\angry_156.jpg,angry
data/processed/images\angry\angry_157.jpg,angry
data/processed/images\angry\angry_158.jpg,angry
data/processed/images\angry\angry_159.jpg,angry
data/processed/images\angry\angry_16.jpg,angry
data/processed/images\angry\angry_160.jpg,angry
data/processed/images\angry\angry_161.jpg,angry
data/processed/images\angry\angry_162.jpg,angry
data/processed/images\angry\angry_163.jpg,angry
data/processed/images\angry\angry_164.jpg,angry
data/processed/images\angry\angry_165.jpg,angry
data/processed/images\angry\angry_166.jpg,angry
data/processed/images\angry\angry_167.jpg,angry
data/processed/images\angry\angry_168.jpg,angry
data/processed/images\angry\angry_169.jpg,angry
data/processed/images\angry\angry_17.jpg,angry
data/processed/images\angry\angry_170.jpg,angry
data/processed/images\angry\angry_171.jpg,angry
data/processed/images\angry\angry_172.jpg,angry
data/processed/images\angry\angry_173.jpg,angry
data/processed/images\angry\angry_174.jpg,angry
data/processed/images\angry\angry_175.jpg,angry
data/processed/images\angry\angry_176.jpg,angry
data/processed/images\angry\angry_177.jpg,angry
data/processed/images\angry\angry_178.jpg,angry
data/processed/images\angry\angry_179.jpg,angry
data/processed/images\angry\angry_18.jpg,angry
data/processed/images\angry\angry_180.jpg,angry
data/processed/images\angry\angry_181.jpg,angry
data/processed/images\angry\angry_182.jpg,angry
data/processed/images\angry\angry_183.jpg,angry
data/processed/images\angry\angry_184.jpg,angry
data/processed/images\angry\angry_185.jpg,angry
data/processed/images\angry\angry_186.jpg,angry
data/processed/images\angry\angry_187.jpg,angry
data/processed/images\angry\angry_188.jpg,angry
data/processed/images\angry\angry_189.jpg,angry
data/processed/images\angry\angry_19.jpg,angry
data/processed/images\angry\angry_190.jpg,angry
data/processed/images\angry\angry_191.jpg,angry
data/processed/images\angry\angry_192.jpg,angry
data/processed/images\angry\angry_193.jpg,angry
data/processed/images\angry\angry_194.jpg,angry
data/processed/images\angry\angry_195.jpg,angry
data/processed/images\angry\angry_196.jpg,angry
data/processed/images\angry\angry_197.jpg,angry
data/processed/images\angry\angry_198.jpg,angry
data/processed/images\angry\angry_199.jpg,angry
data/processed/images\angry\angry_2.jpg,angry
data/processed/images\angry\angry_20.jpg,angry
data/processed/images\angry\angry_200.jpg,angry
data/processed/images\angry\angry_21.jpg,angry
data/processed/images\angry\angry_22.jpg,angry
data/processed/images\angry\angry_23.jpg,angry
data/processed/images\angry\angry_24.jpg,angry
data/processed/images\angry\angry_25.jpg,angry
data/processed/images\angry\angry_26.jpg,angry
data/processed/images\angry\angry_27.jpg,angry
data/processed/images\angry\angry_28.jpg,angry
data/processed/images\angry\angry_29.jpg,angry
data/processed/images\angry\angry_3.jpg,angry
data/processed/images\angry\angry_30.jpg,angry
data/processed/images\angry\angry_31.jpg,angry
data/processed/images\angry\angry_32.jpg,angry
data/processed/images\angry\angry_33.jpg,angry
data/processed/images\angry\angry_34.jpg,angry
data/processed/images\angry\angry_35.jpg,angry
data/processed/images\angry\angry_36.jpg,angry
data/processed/images\angry\angry_37.jpg,angry
data/processed/images\angry\angry_38.jpg,angry
data/processed/images\angry\angry_39.jpg,angry
data/processed/images\angry\angry_4.jpg,angry
data/processed/images\angry\angry_40.jpg,angry
data/processed/images\angry\angry_41.jpg,angry
data/processed/images\angry\angry_42.jpg,angry
data/processed/images\angry\angry_43.jpg,angry
data/processed/images\angry\angry_44.jpg,angry
data/processed/images\angry\angry_45.jpg,angry
data/processed/images\angry\angry_46.jpg,angry
data/processed/images\angry\angry_47.jpg,angry
data/processed/images\angry\angry_48.jpg,angry
data/processed/images\angry\angry_49.jpg,angry
data/processed/images\angry\angry_5.jpg,angry
data/processed/images\angry\angry_50.jpg,angry
data/processed/images\angry\angry_51.jpg,angry
data/processed/images\angry\angry_52.jpg,angry
data/processed/images\angry\angry_53.jpg,angry
data/processed/images\angry\angry_54.jpg,angry
data/processed/images\angry\angry_55.jpg,angry
data/processed/images\angry\angry_56.jpg,angry
data/processed/images\angry\angry_57.jpg,angry
data/processed/images\angry\angry_58.jpg,angry
data/processed/images\angry\angry_59.jpg,angry
data/processed/images\angry\angry_6.jpg,angry
data/processed/images\angry\angry_60.jpg,angry
data/processed/images\angry\angry_61.jpg,angry
data/processed/images\angry\angry_62.jpg,angry
data/processed/images\angry\angry_63.jpg,angry
data/processed/images\angry\angry_64.jpg,angry
data/processed/images\angry\angry_65.jpg,angry
data/processed/images\angry\angry_66.jpg,angry
data/processed/images\angry\angry_67.jpg,angry
data/processed/images\angry\angry_68.jpg,angry
data/processed/images\angry\angry_69.jpg,angry
data/processed/images\angry\angry_7.jpg,angry
data/processed/images\angry\angry_70.jpg,angry
data/processed/images\angry\angry_71.jpg,angry
data/processed/images\angry\angry_72.jpg,angry
data/processed/images\angry\angry_73.jpg,angry
data/processed/images\angry\angry_74.jpg,angry
data/processed/images\angry\angry_75.jpg,angry
data/processed/images\angry\angry_76.jpg,angry
data/processed/images\angry\angry_77.jpg,angry
data/processed/images\angry\angry_78.jpg,angry
data/processed/images\angry\angry_79.jpg,angry
data/processed/images\angry\angry_8.jpg,angry
data/processed/images\angry\angry_80.jpg,angry
data/processed/images\angry\angry_81.jpg,angry
data/processed/images\angry\angry_82.jpg,angry
data/processed/images\angry\angry_83.jpg,angry
data/processed/images\angry\angry_84.jpg,angry
data/processed/images\angry\angry_85.jpg,angry
data/processed/images\angry\angry_86.jpg,angry
data/processed/images\angry\angry_87.jpg,angry
data/processed/images\angry\angry_88.jpg,angry
data/processed/images\angry\angry_89.jpg,angry
data/processed/images\angry\angry_9.jpg,angry
data/processed/images\angry\angry_90.jpg,angry
data/processed/images\angry\angry_91.jpg,angry
data/processed/images\angry\angry_92.jpg,angry
data/processed/images\angry\angry_93.jpg,angry
data/processed/images\angry\angry_94.jpg,angry
data/processed/images\angry\angry_95.jpg,angry
data/processed/images\angry\angry_96.jpg,angry
data/processed/images\angry\angry_97.jpg,angry
data/processed/images\angry\angry_98.jpg,angry
data/processed/images\angry\angry_99.jpg,angry
data/processed/images\happy\happy_1.jpg,happy
data/processed/images\happy\happy_10.jpg,happy
data/processed/images\happy\happy_100.jpg,happy
data/processed/images\happy\happy_101.jpg,happy
data/processed/images\happy\happy_102.jpg,happy
data/processed/images\happy\happy_103.jpg,happy
data/processed/images\happy\happy_104.jpg,happy
data/processed/images\happy\happy_105.jpg,happy
data/processed/images\happy\happy_106.jpg,happy
data/processed/images\happy\happy_107.jpg,happy
data/processed/images\happy\happy_108.jpg,happy
data/processed/images\happy\happy_109.jpg,happy
data/processed/images\happy\happy_11.jpg,happy
data/processed/images\happy\happy_110.jpg,happy
data/processed/images\happy\happy_111.jpg,happy
data/processed/images\happy\happy_112.jpg,happy
data/processed/images\happy\happy_113.jpg,happy
data/processed/images\happy\happy_114.jpg,happy
data/processed/images\happy\happy_115.jpg,happy
data/processed/images\happy\happy_116.jpg,happy
data/processed/images\happy\happy_117.jpg,happy
data/processed/images\happy\happy_118.jpg,happy
data/processed/images\happy\happy_119.jpg,happy
data/processed/images\happy\happy_12.jpg,happy
data/processed/images\happy\happy_120.jpg,happy
data/processed/images\happy\happy_121.jpg,happy
data/processed/images\happy\happy_122.jpg,happy
data/processed/images\happy\happy_123.jpg,happy
data/processed/images\happy\happy_124.jpg,happy
data/processed/images\happy\happy_125.jpg,happy
data/processed/images\happy\happy_126.jpg,happy
data/processed/images\happy\happy_127.jpg,happy
data/processed/images\happy\happy_128.jpg,happy
data/processed/images\happy\happy_129.jpg,happy
data/processed/images\happy\happy_13.jpg,happy
data/processed/images\happy\happy_130.jpg,happy
data/processed/images\happy\happy_131.jpg,happy
data/processed/images\happy\happy_132.jpg,happy
data/processed/images\happy\happy_133.jpg,happy
data/processed/images\happy\happy_134.jpg,happy
data/processed/images\happy\happy_135.jpg,happy
data/processed/images\happy\happy_136.jpg,happy
data/processed/images\happy\happy_137.jpg,happy
data/processed/images\happy\happy_138.jpg,happy
data/processed/images\happy\happy_139.jpg,happy
data/processed/images\happy\happy_14.jpg,happy
data/processed/images\happy\happy_140.jpg,happy
data/processed/images\happy\happy_141.jpg,happy
data/processed/images\happy\happy_142.jpg,happy
data/processed/images\happy\happy_143.jpg,happy
data/processed/images\happy\happy_144.jpg,happy
data/processed/images\happy\happy_145.jpg,happy
data/processed/images\happy\happy_146.jpg,happy
data/processed/images\happy\happy_147.jpg,happy
data/processed/images\happy\happy_148.jpg,happy
data/processed/images\happy\happy_149.jpg,happy
data/processed/images\happy\happy_15.jpg,happy
data/processed/images\happy\happy_150.jpg,happy
data/processed/images\happy\happy_151.jpg,happy
data/processed/images\happy\happy_152.jpg,happy
data/processed/images\happy\happy_153.jpg,happy
data/processed/images\happy\happy_154.jpg,happy
data/processed/images\happy\happy_155.jpg,happy
data/processed/images\happy\happy_156.jpg,happy
data/processed/images\happy\happy_157.jpg,happy
data/processed/images\happy\happy_158.jpg,happy
data/processed/images\happy\happy_159.jpg,happy
data/processed/images\happy\happy_16.jpg,happy
data/processed/images\happy\happy_160.jpg,happy
data/processed/images\happy\happy_161.jpg,happy
data/processed/images\happy\happy_162.jpg,happy
data/processed/images\happy\happy_163.jpg,happy
data/processed/images\happy\happy_164.jpg,happy
data/processed/images\happy\happy_165.jpg,happy
data/processed/images\happy\happy_166.jpg,happy
data/processed/images\happy\happy_167.jpg,happy
data/processed/images\happy\happy_168.jpg,happy
data/processed/images\happy\happy_169.jpg,happy
data/processed/images\happy\happy_17.jpg,happy
data/processed/images\happy\happy_170.jpg,happy
data/processed/images\happy\happy_171.jpg,happy
data/processed/images\happy\happy_172.jpg,happy
data/processed/images\happy\happy_173.jpg,happy
data/processed/images\happy\happy_174.jpg,happy
data/processed/images\happy\happy_175.jpg,happy
data/processed/images\happy\happy_176.jpg,happy
data/processed/images\happy\happy_177.jpg,happy
data/processed/images\happy\happy_178.jpg,happy
data/processed/images\happy\happy_179.jpg,happy
data/processed/images\happy\happy_18.jpg,happy
data/processed/images\happy\happy_180.jpg,happy
data/processed/images\happy\happy_181.jpg,happy
data/processed/images\happy\happy_182.jpg,happy
data/processed/images\happy\happy_183.jpg,happy
data/processed/images\happy\happy_184.jpg,happy
data/processed/images\happy\happy_185.jpg,happy
data/processed/images\happy\happy_186.jpg,happy
data/processed/images\happy\happy_187.jpg,happy
data/processed/images\happy\happy_188.jpg,happy
data/processed/images\happy\happy_189.jpg,happy
data/processed/images\happy\happy_19.jpg,happy
data/processed/images\happy\happy_190.jpg,happy
data/processed/images\happy\happy_191.jpg,happy
data/processed/images\happy\happy_192.jpg,happy
data/processed/images\happy\happy_193.jpg,happy
data/processed/images\happy\happy_194.jpg,happy
data/processed/images\happy\happy_195.jpg,happy
data/processed/images\happy\happy_196.jpg,happy
data/processed/images\happy\happy_197.jpg,happy
data/processed/images\happy\happy_198.jpg,happy
data/processed/images\happy\happy_199.jpg,happy
data/processed/images\happy\happy_2.jpg,happy
data/processed/images\happy\happy_20.jpg,happy
data/processed/images\happy\happy_200.jpg,happy
data/processed/images\happy\happy_21.jpg,happy
data/processed/images\happy\happy_22.jpg,happy
data/processed/images\happy\happy_23.jpg,happy
data/processed/images\happy\happy_24.jpg,happy
data/processed/images\happy\happy_25.jpg,happy
data/processed/images\happy\happy_26.jpg,happy
data/processed/images\happy\happy_27.jpg,happy
data/processed/images\happy\happy_28.jpg,happy
data/processed/images\happy\happy_29.jpg,happy
data/processed/images\happy\happy_3.jpg,happy
data/processed/images\happy\happy_30.jpg,happy
data/processed/images\happy\happy_31.jpg,happy
data/processed/images\happy\happy_32.jpg,happy
data/processed/images\happy\happy_33.jpg,happy
data/processed/images\happy\happy_34.jpg,happy
data/processed/images\happy\happy_35.jpg,happy
data/processed/images\happy\happy_36.jpg,happy
data/processed/images\happy\happy_37.jpg,happy
data/processed/images\happy\happy_38.jpg,happy
data/processed/images\happy\happy_39.jpg,happy
data/processed/images\happy\happy_4.jpg,happy
data/processed/images\happy\happy_40.jpg,happy
data/processed/images\happy\happy_41.jpg,happy
data/processed/images\happy\happy_42.jpg,happy
data/processed/images\happy\happy_43.jpg,happy
data/processed/images\happy\happy_44.jpg,happy
data/processed/images\happy\happy_45.jpg,happy
data/processed/images\happy\happy_46.jpg,happy
data/processed/images\happy\happy_47.jpg,happy
data/processed/images\happy\happy_48.jpg,happy
data/processed/images\happy\happy_49.jpg,happy
data/processed/images\happy\happy_5.jpg,happy
data/processed/images\happy\happy_50.jpg,happy
data/processed/images\happy\happy_51.jpg,happy
data/processed/images\happy\happy_52.jpg,happy
data/processed/images\happy\happy_53.jpg,happy
data/processed/images\happy\happy_54.jpg,happy
data/processed/images\happy\happy_55.jpg,happy
data/processed/images\happy\happy_56.jpg,happy
data/processed/images\happy\happy_57.jpg,happy
data/processed/images\happy\happy_58.jpg,happy
data/processed/images\happy\happy_59.jpg,happy
data/processed/images\happy\happy_6.jpg,happy
data/processed/images\happy\happy_60.jpg,happy
data/processed/images\happy\happy_61.jpg,happy
data/processed/images\happy\happy_62.jpg,happy
data/processed/images\happy\happy_63.jpg,happy
data/processed/images\happy\happy_64.jpg,happy
data/processed/images\happy\happy_65.jpg,happy
data/processed/images\happy\happy_66.jpg,happy
data/processed/images\happy\happy_67.jpg,happy
data/processed/images\happy\happy_68.jpg,happy
data/processed/images\happy\happy_69.jpg,happy
data/processed/images\happy\happy_7.jpg,happy
data/processed/images\happy\happy_70.jpg,happy
data/processed/images\happy\happy_71.jpg,happy
data/processed/images\happy\happy_72.jpg,happy
data/processed/images\happy\happy_73.jpg,happy
data/processed/images\happy\happy_74.jpg,happy
data/processed/images\happy\happy_75.jpg,happy
data/processed/images\happy\happy_76.jpg,happy
data/processed/images\happy\happy_77.jpg,happy
data/processed/images\happy\happy_78.jpg,happy
data/processed/images\happy\happy_79.jpg,happy
data/processed/images\happy\happy_8.jpg,happy
data/processed/images\happy\happy_80.jpg,happy
data/processed/images\happy\happy_81.jpg,happy
data/processed/images\happy\happy_82.jpg,happy
data/processed/images\happy\happy_83.jpg,happy
data/processed/images\happy\happy_84.jpg,happy
data/processed/images\happy\happy_85.jpg,happy
data/processed/images\happy\happy_86.jpg,happy
data/processed/images\happy\happy_87.jpg,happy
data/processed/images\happy\happy_88.jpg,happy
data/processed/images\happy\happy_89.jpg,happy
data/processed/images\happy\happy_9.jpg,happy
data/processed/images\happy\happy_90.jpg,happy
data/processed/images\happy\happy_91.jpg,happy
data/processed/images\happy\happy_92.jpg,happy
data/processed/images\happy\happy_93.jpg,happy
data/processed/images\happy\happy_94.jpg,happy
data/processed/images\happy\happy_95.jpg,happy
data/processed/images\happy\happy_96.jpg,happy
data/processed/images\happy\happy_97.jpg,happy
data/processed/images\happy\happy_98.jpg,happy
data/processed/images\happy\happy_99.jpg,happy
data/processed/images\neutral\neutral_1.jpg,neutral
data/processed/images\neutral\neutral_10.jpg,neutral
data/processed/images\neutral\neutral_100.jpg,neutral
data/processed/images\neutral\neutral_101.jpg,neutral
data/processed/images\neutral\neutral_102.jpg,neutral
data/processed/images\neutral\neutral_103.jpg,neutral
data/processed/images\neutral\neutral_104.jpg,neutral
data/processed/images\neutral\neutral_105.jpg,neutral
data/processed/images\neutral\neutral_106.jpg,neutral
data/processed/images\neutral\neutral_107.jpg,neutral
data/processed/images\neutral\neutral_108.jpg,neutral
data/processed/images\neutral\neutral_109.jpg,neutral
data/processed/images\neutral\neutral_11.jpg,neutral
data/processed/images\neutral\neutral_110.jpg,neutral
data/processed/images\neutral\neutral_111.jpg,neutral
data/processed/images\neutral\neutral_112.jpg,neutral
data/processed/images\neutral\neutral_113.jpg,neutral
data/processed/images\neutral\neutral_114.jpg,neutral
data/processed/images\neutral\neutral_115.jpg,neutral
data/processed/images\neutral\neutral_116.jpg,neutral
data/processed/images\neutral\neutral_117.jpg,neutral
data/processed/images\neutral\neutral_118.jpg,neutral
data/processed/images\neutral\neutral_119.jpg,neutral
data/processed/images\neutral\neutral_12.jpg,neutral
data/processed/images\neutral\neutral_120.jpg,neutral
data/processed/images\neutral\neutral_121.jpg,neutral
data/processed/images\neutral\neutral_122.jpg,neutral
data/processed/images\neutral\neutral_123.jpg,neutral
data/processed/images\neutral\neutral_124.jpg,neutral
data/processed/images\neutral\neutral_125.jpg,neutral
data/processed/images\neutral\neutral_126.jpg,neutral
data/processed/images\neutral\neutral_127.jpg,neutral
data/processed/images\neutral\neutral_128.jpg,neutral
data/processed/images\neutral\neutral_129.jpg,neutral
data/processed/images\neutral\neutral_13.jpg,neutral
data/processed/images\neutral\neutral_130.jpg,neutral
data/processed/images\neutral\neutral_131.jpg,neutral
data/processed/images\neutral\neutral_132.jpg,neutral
data/processed/images\neutral\neutral_133.jpg,neutral
data/processed/images\neutral\neutral_134.jpg,neutral
data/processed/images\neutral\neutral_135.jpg,neutral
data/processed/images\neutral\neutral_136.jpg,neutral
data/processed/images\neutral\neutral_137.jpg,neutral
data/processed/images\neutral\neutral_138.jpg,neutral
data/processed/images\neutral\neutral_139.jpg,neutral
data/processed/images\neutral\neutral_14.jpg,neutral
data/processed/images\neutral\neutral_140.jpg,neutral
data/processed/images\neutral\neutral_141.jpg,neutral
data/processed/images\neutral\neutral_142.jpg,neutral
data/processed/images\neutral\neutral_143.jpg,neutral
data/processed/images\neutral\neutral_144.jpg,neutral
data/processed/images\neutral\neutral_145.jpg,neutral
data/processed/images\neutral\neutral_146.jpg,neutral
data/processed/images\neutral\neutral_147.jpg,neutral
data/processed/images\neutral\neutral_148.jpg,neutral
data/processed/images\neutral\neutral_149.jpg,neutral
data/processed/images\neutral\neutral_15.jpg,neutral
data/processed/images\neutral\neutral_150.jpg,neutral
data/processed/images\neutral\neutral_151.jpg,neutral
data/processed/images\neutral\neutral_152.jpg,neutral
data/processed/images\neutral\neutral_153.jpg,neutral
data/processed/images\neutral\neutral_154.jpg,neutral
data/processed/images\neutral\neutral_155.jpg,neutral
data/processed/images\neutral\neutral_156.jpg,neutral
data/processed/images\neutral\neutral_157.jpg,neutral
data/processed/images\neutral\neutral_158.jpg,neutral
data/processed/images\neutral\neutral_159.jpg,neutral
data/processed/images\neutral\neutral_16.jpg,neutral
data/processed/images\neutral\neutral_160.jpg,neutral
data/processed/images\neutral\neutral_161.jpg,neutral
data/processed/images\neutral\neutral_162.jpg,neutral
data/processed/images\neutral\neutral_163.jpg,neutral
data/processed/images\neutral\neutral_164.jpg,neutral
data/processed/images\neutral\neutral_165.jpg,neutral
data/processed/images\neutral\neutral_166.jpg,neutral
data/processed/images\neutral\neutral_167.jpg,neutral
data/processed/images\neutral\neutral_168.jpg,neutral
data/processed/images\neutral\neutral_169.jpg,neutral
data/processed/images\neutral\neutral_17.jpg,neutral
data/processed/images\neutral\neutral_170.jpg,neutral
data/processed/images\neutral\neutral_171.jpg,neutral
data/processed/images\neutral\neutral_172.jpg,neutral
data/processed/images\neutral\neutral_173.jpg,neutral
data/processed/images\neutral\neutral_174.jpg,neutral
data/processed/images\neutral\neutral_175.jpg,neutral
data/processed/images\neutral\neutral_176.jpg,neutral
data/processed/images\neutral\neutral_177.jpg,neutral
data/processed/images\neutral\neutral_178.jpg,neutral
data/processed/images\neutral\neutral_179.jpg,neutral
data/processed/images\neutral\neutral_18.jpg,neutral
data/processed/images\neutral\neutral_180.jpg,neutral
data/processed/images\neutral\neutral_181.jpg,neutral
data/processed/images\neutral\neutral_182.jpg,neutral
data/processed/images\neutral\neutral_183.jpg,neutral
data/processed/images\neutral\neutral_184.jpg,neutral
data/processed/images\neutral\neutral_185.jpg,neutral
data/processed/images\neutral\neutral_186.jpg,neutral
data/processed/images\neutral\neutral_187.jpg,neutral
data/processed/images\neutral\neutral_188.jpg,neutral
data/processed/images\neutral\neutral_189.jpg,neutral
data/processed/images\neutral\neutral_19.jpg,neutral
data/processed/images\neutral\neutral_190.jpg,neutral
data/processed/images\neutral\neutral_191.jpg,neutral
data/processed/images\neutral\neutral_192.jpg,neutral
data/processed/images\neutral\neutral_193.jpg,neutral
data/processed/images\neutral\neutral_194.jpg,neutral
data/processed/images\neutral\neutral_195.jpg,neutral
data/processed/images\neutral\neutral_196.jpg,neutral
data/processed/images\neutral\neutral_197.jpg,neutral
data/processed/images\neutral\neutral_198.jpg,neutral
data/processed/images\neutral\neutral_199.jpg,neutral
data/processed/images\neutral\neutral_2.jpg,neutral
data/processed/images\neutral\neutral_20.jpg,neutral
data/processed/images\neutral\neutral_200.jpg,neutral
data/processed/images\neutral\neutral_21.jpg,neutral
data/processed/images\neutral\neutral_22.jpg,neutral
data/processed/images\neutral\neutral_23.jpg,neutral
data/processed/images\neutral\neutral_24.jpg,neutral
data/processed/images\neutral\neutral_25.jpg,neutral
data/processed/images\neutral\neutral_26.jpg,neutral
data/processed/images\neutral\neutral_27.jpg,neutral
data/processed/images\neutral\neutral_28.jpg,neutral
data/processed/images\neutral\neutral_29.jpg,neutral
data/processed/images\neutral\neutral_3.jpg,neutral
data/processed/images\neutral\neutral_30.jpg,neutral
data/processed/images\neutral\neutral_31.jpg,neutral
data/processed/images\neutral\neutral_32.jpg,neutral
data/processed/images\neutral\neutral_33.jpg,neutral
data/processed/images\neutral\neutral_34.jpg,neutral
data/processed/images\neutral\neutral_35.jpg,neutral
data/processed/images\neutral\neutral_36.jpg,neutral
data/processed/images\neutral\neutral_37.jpg,neutral
data/processed/images\neutral\neutral_38.jpg,neutral
data/processed/images\neutral\neutral_39.jpg,neutral
data/processed/images\neutral\neutral_4.jpg,neutral
data/processed/images\neutral\neutral_40.jpg,neutral
data/processed/images\neutral\neutral_41.jpg,neutral
data/processed/images\neutral\neutral_42.jpg,neutral
data/processed/images\neutral\neutral_43.jpg,neutral
data/processed/images\neutral\neutral_44.jpg,neutral
data/processed/images\neutral\neutral_45.jpg,neutral
data/processed/images\neutral\neutral_46.jpg,neutral
data/processed/images\neutral\neutral_47.jpg,neutral
data/processed/images\neutral\neutral_48.jpg,neutral
data/processed/images\neutral\neutral_49.jpg,neutral
data/processed/images\neutral\neutral_5.jpg,neutral
data/processed/images\neutral\neutral_50.jpg,neutral
data/processed/images\neutral\neutral_51.jpg,neutral
data/processed/images\neutral\neutral_52.jpg,neutral
data/processed/images\neutral\neutral_53.jpg,neutral
data/processed/images\neutral\neutral_54.jpg,neutral
data/processed/images\neutral\neutral_55.jpg,neutral
data/processed/images\neutral\neutral_56.jpg,neutral
data/processed/images\neutral\neutral_57.jpg,neutral
data/processed/images\neutral\neutral_58.jpg,neutral
data/processed/images\neutral\neutral_59.jpg,neutral
data/processed/images\neutral\neutral_6.jpg,neutral
data/processed/images\neutral\neutral_60.jpg,neutral
data/processed/images\neutral\neutral_61.jpg,neutral
data/processed/images\neutral\neutral_62.jpg,neutral
data/processed/images\neutral\neutral_63.jpg,neutral
data/processed/images\neutral\neutral_64.jpg,neutral
data/processed/images\neutral\neutral_65.jpg,neutral
data/processed/images\neutral\neutral_66.jpg,neutral
data/processed/images\neutral\neutral_67.jpg,neutral
data/processed/images\neutral\neutral_68.jpg,neutral
data/processed/images\neutral\neutral_69.jpg,neutral
data/processed/images\neutral\neutral_7.jpg,neutral
data/processed/images\neutral\neutral_70.jpg,neutral
data/processed/images\neutral\neutral_71.jpg,neutral
data/processed/images\neutral\neutral_72.jpg,neutral
data/processed/images\neutral\neutral_73.jpg,neutral
data/processed/images\neutral\neutral_74.jpg,neutral
data/processed/images\neutral\neutral_75.jpg,neutral
data/processed/images\neutral\neutral_76.jpg,neutral
data/processed/images\neutral\neutral_77.jpg,neutral
data/processed/images\neutral\neutral_78.jpg,neutral
data/processed/images\neutral\neutral_79.jpg,neutral
data/processed/images\neutral\neutral_8.jpg,neutral
data/processed/images\neutral\neutral_80.jpg,neutral
data/processed/images\neutral\neutral_81.jpg,neutral
data/processed/images\neutral\neutral_82.jpg,neutral
data/processed/images\neutral\neutral_83.jpg,neutral
data/processed/images\neutral\neutral_84.jpg,neutral
data/processed/images\neutral\neutral_85.jpg,neutral
data/processed/images\neutral\neutral_86.jpg,neutral
data/processed/images\neutral\neutral_87.jpg,neutral
data/processed/images\neutral\neutral_88.jpg,neutral
data/processed/images\neutral\neutral_89.jpg,neutral
data/processed/images\neutral\neutral_9.jpg,neutral
data/processed/images\neutral\neutral_90.jpg,neutral
data/processed/images\neutral\neutral_91.jpg,neutral
data/processed/images\neutral\neutral_92.jpg,neutral
data/processed/images\neutral\neutral_93.jpg,neutral
data/processed/images\neutral\neutral_94.jpg,neutral
data/processed/images\neutral\neutral_95.jpg,neutral
data/processed/images\neutral\neutral_96.jpg,neutral
data/processed/images\neutral\neutral_97.jpg,neutral
data/processed/images\neutral\neutral_98.jpg,neutral
data/processed/images\neutral\neutral_99.jpg,neutral
data/processed/images\sad\sad_1.jpg,sad
data/processed/images\sad\sad_10.jpg,sad
data/processed/images\sad\sad_100.jpg,sad
data/processed/images\sad\sad_101.jpg,sad
data/processed/images\sad\sad_102.jpg,sad
data/processed/images\sad\sad_103.jpg,sad
data/processed/images\sad\sad_104.jpg,sad
data/processed/images\sad\sad_105.jpg,sad
data/processed/images\sad\sad_106.jpg,sad
data/processed/images\sad\sad_107.jpg,sad
data/processed/images\sad\sad_108.jpg,sad
data/processed/images\sad\sad_109.jpg,sad
data/processed/images\sad\sad_11.jpg,sad
data/processed/images\sad\sad_110.jpg,sad
data/processed/images\sad\sad_111.jpg,sad
data/processed/images\sad\sad_112.jpg,sad
data/processed/images\sad\sad_113.jpg,sad
data/processed/images\sad\sad_114.jpg,sad
data/processed/images\sad\sad_115.jpg,sad
data/processed/images\sad\sad_116.jpg,sad
data/processed/images\sad\sad_117.jpg,sad
data/processed/images\sad\sad_118.jpg,sad
data/processed/images\sad\sad_119.jpg,sad
data/processed/images\sad\sad_12.jpg,sad
data/processed/images\sad\sad_120.jpg,sad
data/processed/images\sad\sad_121.jpg,sad
data/processed/images\sad\sad_122.jpg,sad
data/processed/images\sad\sad_123.jpg,sad
data/processed/images\sad\sad_124.jpg,sad
data/processed/images\sad\sad_125.jpg,sad
data/processed/images\sad\sad_126.jpg,sad
data/processed/images\sad\sad_127.jpg,sad
data/processed/images\sad\sad_128.jpg,sad
data/processed/images\sad\sad_129.jpg,sad
data/processed/images\sad\sad_13.jpg,sad
data/processed/images\sad\sad_130.jpg,sad
data/processed/images\sad\sad_131.jpg,sad
data/processed/images\sad\sad_132.jpg,sad
data/processed/images\sad\sad_133.jpg,sad
data/processed/images\sad\sad_134.jpg,sad
data/processed/images\sad\sad_135.jpg,sad
data/processed/images\sad\sad_136.jpg,sad
data/processed/images\sad\sad_137.jpg,sad
data/processed/images\sad\sad_138.jpg,sad
data/processed/images\sad\sad_139.jpg,sad
data/processed/images\sad\sad_14.jpg,sad
data/processed/images\sad\sad_140.jpg,sad
data/processed/images\sad\sad_141.jpg,sad
data/processed/images\sad\sad_142.jpg,sad
data/processed/images\sad\sad_143.jpg,sad
data/processed/images\sad\sad_144.jpg,sad
data/processed/images\sad\sad_145.jpg,sad
data/processed/images\sad\sad_146.jpg,sad
data/processed/images\sad\sad_147.jpg,sad
data/processed/images\sad\sad_148.jpg,sad
data/processed/images\sad\sad_149.jpg,sad
data/processed/images\sad\sad_15.jpg,sad
data/processed/images\sad\sad_150.jpg,sad
data/processed/images\sad\sad_151.jpg,sad
data/processed/images\sad\sad_152.jpg,sad
data/processed/images\sad\sad_153.jpg,sad
data/processed/images\sad\sad_154.jpg,sad
data/processed/images\sad\sad_155.jpg,sad
data/processed/images\sad\sad_156.jpg,sad
data/processed/images\sad\sad_157.jpg,sad
data/processed/images\sad\sad_158.jpg,sad
data/processed/images\sad\sad_159.jpg,sad
data/processed/images\sad\sad_16.jpg,sad
data/processed/images\sad\sad_160.jpg,sad
data/processed/images\sad\sad_161.jpg,sad
data/processed/images\sad\sad_162.jpg,sad
data/processed/images\sad\sad_163.jpg,sad
data/processed/images\sad\sad_164.jpg,sad
data/processed/images\sad\sad_165.jpg,sad
data/processed/images\sad\sad_166.jpg,sad
data/processed/images\sad\sad_167.jpg,sad
data/processed/images\sad\sad_168.jpg,sad
data/processed/images\sad\sad_169.jpg,sad
data/processed/images\sad\sad_17.jpg,sad
data/processed/images\sad\sad_170.jpg,sad
data/processed/images\sad\sad_171.jpg,sad
data/processed/images\sad\sad_172.jpg,sad
data/processed/images\sad\sad_173.jpg,sad
data/processed/images\sad\sad_174.jpg,sad
data/processed/images\sad\sad_175.jpg,sad
data/processed/images\sad\sad_176.jpg,sad
data/processed/images\sad\sad_177.jpg,sad
data/processed/images\sad\sad_178.jpg,sad
data/processed/images\sad\sad_179.jpg,sad
data/processed/images\sad\sad_18.jpg,sad
data/processed/images\sad\sad_180.jpg,sad
data/processed/images\sad\sad_181.jpg,sad
data/processed/images\sad\sad_182.jpg,sad
data/processed/images\sad\sad_183.jpg,sad
data/processed/images\sad\sad_184.jpg,sad
data/processed/images\sad\sad_185.jpg,sad
data/processed/images\sad\sad_186.jpg,sad
data/processed/images\sad\sad_187.jpg,sad
data/processed/images\sad\sad_188.jpg,sad
data/processed/images\sad\sad_189.jpg,sad
data/processed/images\sad\sad_19.jpg,sad
data/processed/images\sad\sad_190.jpg,sad
data/processed/images\sad\sad_191.jpg,sad
data/processed/images\sad\sad_192.jpg,sad
data/processed/images\sad\sad_193.jpg,sad
data/processed/images\sad\sad_194.jpg,sad
data/processed/images\sad\sad_195.jpg,sad
data/processed/images\sad\sad_196.jpg,sad
data/processed/images\sad\sad_197.jpg,sad
data/processed/images\sad\sad_198.jpg,sad
data/processed/images\sad\sad_199.jpg,sad
data/processed/images\sad\sad_2.jpg,sad
data/processed/images\sad\sad_20.jpg,sad
data/processed/images\sad\sad_200.jpg,sad
data/processed/images\sad\sad_21.jpg,sad
data/processed/images\sad\sad_22.jpg,sad
data/processed/images\sad\sad_23.jpg,sad
data/processed/images\sad\sad_24.jpg,sad
data/processed/images\sad\sad_25.jpg,sad
data/processed/images\sad\sad_26.jpg,sad
data/processed/images\sad\sad_27.jpg,sad
data/processed/images\sad\sad_28.jpg,sad
data/processed/images\sad\sad_29.jpg,sad
data/processed/images\sad\sad_3.jpg,sad
data/processed/images\sad\sad_30.jpg,sad
data/processed/images\sad\sad_31.jpg,sad
data/processed/images\sad\sad_32.jpg,sad
data/processed/images\sad\sad_33.jpg,sad
data/processed/images\sad\sad_34.jpg,sad
data/processed/images\sad\sad_35.jpg,sad
data/processed/images\sad\sad_36.jpg,sad
data/processed/images\sad\sad_37.jpg,sad
data/processed/images\sad\sad_38.jpg,sad
data/processed/images\sad\sad_39.jpg,sad
data/processed/images\sad\sad_4.jpg,sad
data/processed/images\sad\sad_40.jpg,sad
data/processed/images\sad\sad_41.jpg,sad
data/processed/images\sad\sad_42.jpg,sad
data/processed/images\sad\sad_43.jpg,sad
data/processed/images\sad\sad_44.jpg,sad
data/processed/images\sad\sad_45.jpg,sad
data/processed/images\sad\sad_46.jpg,sad
data/processed/images\sad\sad_47.jpg,sad
data/processed/images\sad\sad_48.jpg,sad
data/processed/images\sad\sad_49.jpg,sad
data/processed/images\sad\sad_5.jpg,sad
data/processed/images\sad\sad_50.jpg,sad
data/processed/images\sad\sad_51.jpg,sad
data/processed/images\sad\sad_52.jpg,sad
data/processed/images\sad\sad_53.jpg,sad
data/processed/images\sad\sad_54.jpg,sad
data/processed/images\sad\sad_55.jpg,sad
data/processed/images\sad\sad_56.jpg,sad
data/processed/images\sad\sad_57.jpg,sad
data/processed/images\sad\sad_58.jpg,sad
data/processed/images\sad\sad_59.jpg,sad
data/processed/images\sad\sad_6.jpg,sad
data/processed/images\sad\sad_60.jpg,sad
data/processed/images\sad\sad_61.jpg,sad
data/processed/images\sad\sad_62.jpg,sad
data/processed/images\sad\sad_63.jpg,sad
data/processed/images\sad\sad_64.jpg,sad
data/processed/images\sad\sad_65.jpg,sad
data/processed/images\sad\sad_66.jpg,sad
data/processed/images\sad\sad_67.jpg,sad
data/processed/images\sad\sad_68.jpg,sad
data/processed/images\sad\sad_69.jpg,sad
data/processed/images\sad\sad_7.jpg,sad
data/processed/images\sad\sad_70.jpg,sad
data/processed/images\sad\sad_71.jpg,sad
data/processed/images\sad\sad_72.jpg,sad
data/processed/images\sad\sad_73.jpg,sad
data/processed/images\sad\sad_74.jpg,sad
data/processed/images\sad\sad_75.jpg,sad
data/processed/images\sad\sad_76.jpg,sad
data/processed/images\sad\sad_77.jpg,sad
data/processed/images\sad\sad_78.jpg,sad
data/processed/images\sad\sad_79.jpg,sad
data/processed/images\sad\sad_8.jpg,sad
data/processed/images\sad\sad_80.jpg,sad
data/processed/images\sad\sad_81.jpg,sad
data/processed/images\sad\sad_82.jpg,sad
data/processed/images\sad\sad_83.jpg,sad
data/processed/images\sad\sad_84.jpg,sad
data/processed/images\sad\sad_85.jpg,sad
data/processed/images\sad\sad_86.jpg,sad
data/processed/images\sad\sad_87.jpg,sad
data/processed/images\sad\sad_88.jpg,sad
data/processed/images\sad\sad_89.jpg,sad
data/processed/images\sad\sad_9.jpg,sad
data/processed/images\sad\sad_90.jpg,sad
data/processed/images\sad\sad_91.jpg,sad
data/processed/images\sad\sad_92.jpg,sad
data/processed/images\sad\sad_93.jpg,sad
data/processed/images\sad\sad_94.jpg,sad
data/processed/images\sad\sad_95.jpg,sad
data/processed/images\sad\sad_96.jpg,sad
data/processed/images\sad\sad_97.jpg,sad
data/processed/images\sad\sad_98.jpg,sad
data/processed/images\sad\sad_99.jpg,sad
data/processed/images\surprised\surprised_1.jpg,surprised
data/processed/images\surprised\surprised_10.jpg,surprised
data/processed/images\surprised\surprised_100.jpg,surprised
data/processed/images\surprised\surprised_101.jpg,surprised
data/processed/images\surprised\surprised_102.jpg,surprised
data/processed/images\surprised\surprised_103.jpg,surprised
data/processed/images\surprised\surprised_104.jpg,surprised
data/processed/images\surprised\surprised_105.jpg,surprised
data/processed/images\surprised\surprised_106.jpg,surprised
data/processed/images\surprised\surprised_107.jpg,surprised
data/processed/images\surprised\surprised_108.jpg,surprised
data/processed/images\surprised\surprised_109.jpg,surprised
data/processed/images\surprised\surprised_11.jpg,surprised
data/processed/images\surprised\surprised_110.jpg,surprised
data/processed/images\surprised\surprised_111.jpg,surprised
data/processed/images\surprised\surprised_112.jpg,surprised
data/processed/images\surprised\surprised_113.jpg,surprised
data/processed/images\surprised\surprised_114.jpg,surprised
data/processed/images\surprised\surprised_115.jpg,surprised
data/processed/images\surprised\surprised_116.jpg,surprised
data/processed/images\surprised\surprised_117.jpg,surprised
data/processed/images\surprised\surprised_118.jpg,surprised
data/processed/images\surprised\surprised_119.jpg,surprised
data/processed/images\surprised\surprised_12.jpg,surprised
data/processed/images\surprised\surprised_120.jpg,surprised
data/processed/images\surprised\surprised_121.jpg,surprised
data/processed/images\surprised\surprised_122.jpg,surprised
data/processed/images\surprised\surprised_123.jpg,surprised
data/processed/images\surprised\surprised_124.jpg,surprised
data/processed/images\surprised\surprised_125.jpg,surprised
data/processed/images\surprised\surprised_126.jpg,surprised
data/processed/images\surprised\surprised_127.jpg,surprised
data/processed/images\surprised\surprised_128.jpg,surprised
data/processed/images\surprised\surprised_129.jpg,surprised
data/processed/images\surprised\surprised_13.jpg,surprised
data/processed/images\surprised\surprised_130.jpg,surprised
data/processed/images\surprised\surprised_131.jpg,surprised
data/processed/images\surprised\surprised_132.jpg,surprised
data/processed/images\surprised\surprised_133.jpg,surprised
data/processed/images\surprised\surprised_134.jpg,surprised
data/processed/images\surprised\surprised_135.jpg,surprised
data/processed/images\surprised\surprised_136.jpg,surprised
data/processed/images\surprised\surprised_137.jpg,surprised
data/processed/images\surprised\surprised_138.jpg,surprised
data/processed/images\surprised\surprised_139.jpg,surprised
data/processed/images\surprised\surprised_14.jpg,surprised
data/processed/images\surprised\surprised_140.jpg,surprised
data/processed/images\surprised\surprised_141.jpg,surprised
data/processed/images\surprised\surprised_142.jpg,surprised
data/processed/images\surprised\surprised_143.jpg,surprised
data/processed/images\surprised\surprised_144.jpg,surprised
data/processed/images\surprised\surprised_145.jpg,surprised
data/processed/images\surprised\surprised_146.jpg,surprised
data/processed/images\surprised\surprised_147.jpg,surprised
data/processed/images\surprised\surprised_148.jpg,surprised
data/processed/images\surprised\surprised_149.jpg,surprised
data/processed/images\surprised\surprised_15.jpg,surprised
data/processed/images\surprised\surprised_150.jpg,surprised
data/processed/images\surprised\surprised_151.jpg,surprised
data/processed/images\surprised\surprised_152.jpg,surprised
data/processed/images\surprised\surprised_153.jpg,surprised
data/processed/images\surprised\surprised_154.jpg,surprised
data/processed/images\surprised\surprised_155.jpg,surprised
data/processed/images\surprised\surprised_156.jpg,surprised
data/processed/images\surprised\surprised_157.jpg,surprised
data/processed/images\surprised\surprised_158.jpg,surprised
data/processed/images\surprised\surprised_159.jpg,surprised
data/processed/images\surprised\surprised_16.jpg,surprised
data/processed/images\surprised\surprised_160.jpg,surprised
data/processed/images\surprised\surprised_161.jpg,surprised
data/processed/images\surprised\surprised_162.jpg,surprised
data/processed/images\surprised\surprised_163.jpg,surprised
data/processed/images\surprised\surprised_164.jpg,surprised
data/processed/images\surprised\surprised_165.jpg,surprised
data/processed/images\surprised\surprised_166.jpg,surprised
data/processed/images\surprised\surprised_167.jpg,surprised
data/processed/images\surprised\surprised_168.jpg,surprised
data/processed/images\surprised\surprised_169.jpg,surprised
data/processed/images\surprised\surprised_17.jpg,surprised
data/processed/images\surprised\surprised_170.jpg,surprised
data/processed/images\surprised\surprised_171.jpg,surprised
data/processed/images\surprised\surprised_172.jpg,surprised
data/processed/images\surprised\surprised_173.jpg,surprised
data/processed/images\surprised\surprised_174.jpg,surprised
data/processed/images\surprised\surprised_175.jpg,surprised
data/processed/images\surprised\surprised_176.jpg,surprised
data/processed/images\surprised\surprised_177.jpg,surprised
data/processed/images\surprised\surprised_178.jpg,surprised
data/processed/images\surprised\surprised_179.jpg,surprised
data/processed/images\surprised\surprised_18.jpg,surprised
data/processed/images\surprised\surprised_180.jpg,surprised
data/processed/images\surprised\surprised_181.jpg,surprised
data/processed/images\surprised\surprised_182.jpg,surprised
data/processed/images\surprised\surprised_183.jpg,surprised
data/processed/images\surprised\surprised_184.jpg,surprised
data/processed/images\surprised\surprised_185.jpg,surprised
data/processed/images\surprised\surprised_186.jpg,surprised
data/processed/images\surprised\surprised_187.jpg,surprised
data/processed/images\surprised\surprised_188.jpg,surprised
data/processed/images\surprised\surprised_189.jpg,surprised
data/processed/images\surprised\surprised_19.jpg,surprised
data/processed/images\surprised\surprised_190.jpg,surprised
data/processed/images\surprised\surprised_191.jpg,surprised
data/processed/images\surprised\surprised_192.jpg,surprised
data/processed/images\surprised\surprised_193.jpg,surprised
data/processed/images\surprised\surprised_194.jpg,surprised
data/processed/images\surprised\surprised_195.jpg,surprised
data/processed/images\surprised\surprised_196.jpg,surprised
data/processed/images\surprised\surprised_197.jpg,surprised
data/processed/images\surprised\surprised_198.jpg,surprised
data/processed/images\surprised\surprised_199.jpg,surprised
data/processed/images\surprised\surprised_2.jpg,surprised
data/processed/images\surprised\surprised_20.jpg,surprised
data/processed/images\surprised\surprised_200.jpg,surprised
data/processed/images\surprised\surprised_21.jpg,surprised
data/processed/images\surprised\surprised_22.jpg,surprised
data/processed/images\surprised\surprised_23.jpg,surprised
data/processed/images\surprised\surprised_24.jpg,surprised
data/processed/images\surprised\surprised_25.jpg,surprised
data/processed/images\surprised\surprised_26.jpg,surprised
data/processed/images\surprised\surprised_27.jpg,surprised
data/processed/images\surprised\surprised_28.jpg,surprised
data/processed/images\surprised\surprised_29.jpg,surprised
data/processed/images\surprised\surprised_3.jpg,surprised
data/processed/images\surprised\surprised_30.jpg,surprised
data/processed/images\surprised\surprised_31.jpg,surprised
data/processed/images\surprised\surprised_32.jpg,surprised
data/processed/images\surprised\surprised_33.jpg,surprised
data/processed/images\surprised\surprised_34.jpg,surprised
data/processed/images\surprised\surprised_35.jpg,surprised
data/processed/images\surprised\surprised_36.jpg,surprised
data/processed/images\surprised\surprised_37.jpg,surprised
data/processed/images\surprised\surprised_38.jpg,surprised
data/processed/images\surprised\surprised_39.jpg,surprised
data/processed/images\surprised\surprised_4.jpg,surprised
data/processed/images\surprised\surprised_40.jpg,surprised
data/processed/images\surprised\surprised_41.jpg,surprised
data/processed/images\surprised\surprised_42.jpg,surprised
data/processed/images\surprised\surprised_43.jpg,surprised
data/processed/images\surprised\surprised_44.jpg,surprised
data/processed/images\surprised\surprised_45.jpg,surprised
data/processed/images\surprised\surprised_46.jpg,surprised
data/processed/images\surprised\surprised_47.jpg,surprised
data/processed/images\surprised\surprised_48.jpg,surprised
data/processed/images\surprised\surprised_49.jpg,surprised
data/processed/images\surprised\surprised_5.jpg,surprised
data/processed/images\surprised\surprised_50.jpg,surprised
data/processed/images\surprised\surprised_51.jpg,surprised
data/processed/images\surprised\surprised_52.jpg,surprised
data/processed/images\surprised\surprised_53.jpg,surprised
data/processed/images\surprised\surprised_54.jpg,surprised
data/processed/images\surprised\surprised_55.jpg,surprised
data/processed/images\surprised\surprised_56.jpg,surprised
data/processed/images\surprised\surprised_57.jpg,surprised
data/processed/images\surprised\surprised_58.jpg,surprised
data/processed/images\surprised\surprised_59.jpg,surprised
data/processed/images\surprised\surprised_6.jpg,surprised
data/processed/images\surprised\surprised_60.jpg,surprised
data/processed/images\surprised\surprised_61.jpg,surprised
data/processed/images\surprised\surprised_62.jpg,surprised
data/processed/images\surprised\surprised_63.jpg,surprised
data/processed/images\surprised\surprised_64.jpg,surprised
data/processed/images\surprised\surprised_65.jpg,surprised
data/processed/images\surprised\surprised_66.jpg,surprised
data/processed/images\surprised\surprised_67.jpg,surprised
data/processed/images\surprised\surprised_68.jpg,surprised
data/processed/images\surprised\surprised_69.jpg,surprised
data/processed/images\surprised\surprised_7.jpg,surprised
data/processed/images\surprised\surprised_70.jpg,surprised
data/processed/images\surprised\surprised_71.jpg,surprised
data/processed/images\surprised\surprised_72.jpg,surprised
data/processed/images\surprised\surprised_73.jpg,surprised
data/processed/images\surprised\surprised_74.jpg,surprised
data/processed/images\surprised\surprised_75.jpg,surprised
data/processed/images\surprised\surprised_76.jpg,surprised
data/processed/images\surprised\surprised_77.jpg,surprised
data/processed/images\surprised\surprised_78.jpg,surprised
data/processed/images\surprised\surprised_79.jpg,surprised
data/processed/images\surprised\surprised_8.jpg,surprised
data/processed/images\surprised\surprised_80.jpg,surprised
data/processed/images\surprised\surprised_81.jpg,surprised
data/processed/images\surprised\surprised_82.jpg,surprised
data/processed/images\surprised\surprised_83.jpg,surprised
data/processed/images\surprised\surprised_84.jpg,surprised
data/processed/images\surprised\surprised_85.jpg,surprised
data/processed/images\surprised\surprised_86.jpg,surprised
data/processed/images\surprised\surprised_87.jpg,surprised
data/processed/images\surprised\surprised_88.jpg,surprised
data/processed/images\surprised\surprised_89.jpg,surprised
data/processed/images\surprised\surprised_9.jpg,surprised
data/processed/images\surprised\surprised_90.jpg,surprised
data/processed/images\surprised\surprised_91.jpg,surprised
data/processed/images\surprised\surprised_92.jpg,surprised
data/processed/images\surprised\surprised_93.jpg,surprised
data/processed/images\surprised\surprised_94.jpg,surprised
data/processed/images\surprised\surprised_95.jpg,surprised
data/processed/images\surprised\surprised_96.jpg,surprised
data/processed/images\surprised\surprised_97.jpg,surprised
data/processed/images\surprised\surprised_98.jpg,surprised
data/processed/images\surprised\surprised_99.jpg,surprised
